{
    "name": "OneNav默认主题",
    "description": "OneNav默认主题",
    "homepage": "https:\/\/www.xiaoz.me",
    "help_url":"https://dwz.ovh/gnae4",
    "version": "0.9.31",
    "update": "2023\/06\/28",
    "author": "xiaoz<xiaoz93@outlook.com>",
    "screenshot": "https:\/\/img.rss.ink\/imgs\/2022\/03\/42ed3ef2c4a50f6d.png",
    "demo":"",
    "require":{
        "min":"0.9.31",
        "max":""
    },
    "config": {
        "full_width_mode":"off",
        "link_description":"show",
        "favicon": "online"
    }
}